{
  "WASTE_DB": {
    "Cow Dung": {
      "N": 0.5,
      "P": 0.25,
      "K": 0.5,
      "typical_moisture_pct": 70,
      "notes": "Good bulk organic matter"
    },
    "Poultry Manure": {
      "N": 2.5,
      "P": 1.5,
      "K": 1.0,
      "typical_moisture_pct": 40,
      "notes": "High N \u2014 handle carefully"
    },
    "Sheep/Goat Manure": {
      "N": 1.2,
      "P": 0.6,
      "K": 0.5,
      "typical_moisture_pct": 60,
      "notes": ""
    },
    "Rice Straw": {
      "N": 0.4,
      "P": 0.06,
      "K": 0.35,
      "typical_moisture_pct": 15,
      "notes": "High C:N \u2014 needs green nitrogenous input"
    },
    "Banana Peel (dry)": {
      "N": 1.0,
      "P": 0.6,
      "K": 2.5,
      "typical_moisture_pct": 10,
      "notes": "Very high K"
    },
    "Green Crop Waste": {
      "N": 1.5,
      "P": 0.2,
      "K": 0.8,
      "typical_moisture_pct": 70,
      "notes": "Good N source when fresh"
    },
    "Food Waste (mixed)": {
      "N": 1.2,
      "P": 0.5,
      "K": 0.6,
      "typical_moisture_pct": 60,
      "notes": "Varies widely"
    }
  },
  "CROP_DB": {
    "Wheat": {
      "N": 120,
      "P": 40,
      "K": 60
    },
    "Rice": {
      "N": 150,
      "P": 50,
      "K": 60
    },
    "Maize": {
      "N": 200,
      "P": 60,
      "K": 80
    },
    "Vegetables (mixed)": {
      "N": 160,
      "P": 60,
      "K": 120
    },
    "Sugarcane": {
      "N": 250,
      "P": 70,
      "K": 300
    },
    "Groundnut": {
      "N": 50,
      "P": 40,
      "K": 60
    }
  }
}